line,brand
Mercedes-Maybach S400,Mercedes
V220d Avantgarde,Mercedes
V250 Advantgarde,Mercedes
Vito Tourer 121,Mercedes
C250 Exclusive,Mercedes
Quattroporte,Maserati
Mercedes-AMG,Mercedes
Xpander 2018,Mitsubishi
Pajero Sport,Mitsubishi
Land Cruiser,Toyota
Continental,Bentley 
Trailblazer,Chevrolet
Convertible,Mini Cooper 
718 Boxster,Porsche
911 Carrera,Porsche
Impreza WRX,Subaru
Beetle Dune,Volkswagen
Countryman,Mini Cooper 
718 Cayman,Porsche
New Ertiga,Suzuki
Land Prado,Toyota
Grand i10,Hyundai
Discovery,Land Rover
SLC43 AMG,Mercedes
Outlander,Mitsubishi
911 Targa,Porsche
911 Turbo,Porsche
Mulsanne,Bentley 
Bentayga,Bentley 
Escalade,Cadillac 
Colorado,Chevrolet
EcoSport,Ford
Explorer,Ford
Wrangler,Jeep 
Renegade,Jeep 
Cherokee,Jeep 
Roadster,Mini Cooper 
Panamera,Porsche
CayenneÂ ,Porsche
Talisman,Renault
Forester,Subaru
Fortuner,Toyota
Scirocco,Volkswagen
Captiva,Chevrolet
Orlando,Chevrolet
Everest,Ford
Explore,Ford
Transit,Ford
Odyssey,Honda
Jazz1.5,Honda
Elantra,Hyundai
SantaFe,Hyundai
Genesis,Hyundai 
Santafe,Hyundai 
Patriot,Jeep 
Compass,Jeep 
Morning,Kia
Sorento,Kia
Levante,Maserati
GLS350d,Mercedes
Maybach,Mercedes
Clubman,Mini Cooper 
Attrage,Mitsubishi
Xpander,Mitsubishi
X-Trail,Nissan
X-trail,Nissan
911 GT3,Porsche
Cayenne,Porsche
Sandero,Renault
Korando,Ssangyong
Outback,Subaru
Impreza,Subaru 
Celerio,Suzuki 
Alphard,Toyota
Touareg,Volkswagen
Flying,Bentley 
Fiesta,Ford
Ranger,Ford
Escape,Ford
Accord,Honda
Accent,Hyundai
Tucson,Hyundai
Sonata,Hyundai 
Starex,Hyundai 
F-Type,Jaguar
E-PACE,Jaguar
F-PACE,Jaguar
Pickup,Jeep 
Cerato,Kia
Optima,Kia
Sedona,Kia
Quoris,Kia
ES300h,Land Rover
GS200t,Lexus
LS460L,Lexus
NX200t,Lexus
RX200t,Lexus
RX350L,Lexus
RX450H,Lexus
LS500h,Lexus
Ghibli,Maserati
Mazda2,Mazda
Mazda3,Mazda
Mazda6,Mazda
GLC250,Mercedes
GLE400,Mercedes
GLS400,Mercedes
Mirage,Mitsubishi
Pajero,Mitsubishi
Triton,Mitsubishi
Navara,Nissan
Murano,Nissan
Duster,Renault
Koleos,Renault
Rexton,Ssangyong
Stavic,Ssangyong
Tivoli,Ssangyong
Legacy,Subaru
Levorg,Subaru
Vitara,Suzuki
Innova,Toyota
Avanza,Toyota 
Passat,Volkswagen
Sharan,Volkswagen
Tiguan,Volkswagen
Beetle,Volkswagen
730Li,BMW 
740Li,BMW 
CTS-V,Cadillac 
Cruze,Chevrolet
Spark,Chevrolet
Focus,Ford
Civic,Honda
D-Max,Isuzu
Grand,Jeep 
Rondo,Kia
ES250,Lexus
ES350,Lexus
GS350,Lexus
GX460,Lexus
LX570,Lexus
RX350,Lexus
GS300,Lexus
NX300,Lexus
RX300,Lexus
RC300,Lexus
BT-50,Mazda
SL400,Mercedes
S400L,Mercedes
S500L,Mercedes
Sunny,Nissan
Teana,Nissan
Urvan,Nissan
Macan,Porsche
Megan,Renault
Swift,Suzuki
Altis,Toyota
Camry,Toyota
Hilux,Toyota
Yaris,Toyota
Prado,Toyota
Hiace,Toyota
Jetta,Volkswagen
118i,BMW 
218i,BMW 
320i,BMW 
420i,BMW 
430i,BMW 
528i,BMW 
Aveo,Chevrolet
Trax,Chevrolet
City,Honda
CR-V,Honda
HR-V,Honda
Jazz,Honda
Kona,Hyundai
QX60,Infiniti
QX70,Infiniti
QX80,Infiniti
QX50,Infiniti
mu-X,Isuzu
Soul,Kia
CX-5,Mazda
BT50,Mazda
A200,Mercedes
A250,Mercedes
C200,Mercedes
C300,Mercedes
E200,Mercedes
E250,Mercedes
E300,Mercedes
S500,Mercedes
C250,Mercedes
S400,Mercedes
2.0S,Mini Cooper 
Juke,Nissan
370z,Nissan
3008,Peugeot
2008,Peugeot
5008,Peugeot
Ciaz,Suzuki
Vios,Toyota
Wigo,Toyota
Land,Toyota
Polo,Volkswagen
XC60,Volvo
XC90,Volvo
RS7,Audi 
TTS,Audi 
ATS,Cadillac 
CT6,Cadillac 
XT5,Cadillac 
XTS,Cadillac 
CTS,Cadillac 
i10,Hyundai 
Q50,Infiniti
XJL,Jaguar
Rio,Kia
CX5,Mazda
CX9,Mazda
CX3,Mazda
MX5,Mazda
A45,Mercedes
AMG,Mercedes
CLA,Mercedes
GLA,Mercedes
GLE,Mercedes
GLS,Mercedes
GLC,Mercedes
1.5,Mini Cooper 
208,Peugeot
408,Peugeot
508,Peugeot
308,Peugeot
RCZ,Peugeot
718,Porsche
911,Porsche
WRX,Subaru 
BRZ,Subaru 
New,Suzuki 
S90,Volvo
A3,Audi 
A4,Audi 
A5,Audi 
A6,Audi 
A7,Audi 
A8,Audi 
Q2,Audi 
Q3,Audi 
Q5,Audi 
Q7,Audi 
R8,Audi 
S8,Audi 
X1,BMW 
X2,BMW 
X3,BMW 
X4,BMW 
X5,BMW 
X6,BMW 
M4,BMW 
XE,Jaguar
XF,Jaguar
ES,Land Rover
GS,Lexus
LS,Lexus
BT,Mazda
XV,Subaru
V,Mercedes
2,Mazda
3,Mazda
6,Mazda
